Epo_degradation_BaF3,k_exp_hetero,k_exp_homo,k_imp_hetero,k_imp_homo,k_phos,sd_pSTAT5A_rel,sd_pSTAT5B_rel,sd_rSTAT5A_rel,Start_guess
-1.563776427588537,-3.221387953546818,4.999999824749016,4.999999934769579,-1.8988649608178108,4.355051072005885,0.9094513449695741,0.8093220601805773,1.077676448261858,1
-1.5031825254668794,-3.356359995706808,4.9999975911912475,-1.7779233161505212,-1.7586466782096286,3.981993307514768,0.6320160009576904,0.7893288880114367,0.7347891495715138,2
