Epo_degradation_BaF3,k_exp_hetero,k_exp_homo,k_imp_hetero,k_imp_homo,k_phos,sd_pSTAT5A_rel,sd_pSTAT5B_rel,sd_rSTAT5A_rel,Start_guess
0.11732838957846468,-0.009220224056700501,0.06871744564099168,0.0009676360110342152,-0.07810690285366358,-0.05341354407851566,0.1635140800792241,-2.2928667077098783,0.0510521947545322,1
-0.0771056174453835,-1.5389120590436262e-5,-0.0019766512190527883,-0.19811976422534483,0.24841987513923633,0.2303346460796225,0.41038084278283754,1.7511830243637967,1.297120902061034,2
