fmin,alg,n_iterations,run_time,converged,Start_guess
149.5188386839177,Optim_IPNewton,66,4.347230911254883,true,1
149.58782928239665,Optim_IPNewton,37,3.7088840007781982,true,2
249.74599744365318,Optim_IPNewton,31,1.0242300033569336,true,3
147.54396517089987,Optim_IPNewton,53,2.1746339797973633,true,4
147.5439651709236,Optim_IPNewton,45,2.004608154296875,true,5
147.54396517090004,Optim_IPNewton,54,3.129927158355713,true,6
147.54396517090058,Optim_IPNewton,64,2.0164849758148193,true,7
