Epo_degradation_BaF3,k_exp_hetero,k_exp_homo,k_imp_hetero,k_imp_homo,k_phos,sd_pSTAT5A_rel,sd_pSTAT5B_rel,sd_rSTAT5A_rel,Start_guess
-4.576823725845237,4.434510739245404,4.746984433519984,1.8687635466950034,-2.4680753660388555,-0.869289595927702,-4.947011518999769,1.9955267102067218,4.994364324378736,1
1.780994604118268,-0.991531329555265,-3.2287939563130994,-2.894855998120509,-1.8719856714957075,0.8318237817088656,-3.1922554459544794,-1.4175646347596094,1.1371537467399815,2
